{
    "105": {
        "name": "[PLCBUS] Volet Roulant",
        "actuator" : "1",
        "subtype": {
            "01": {
                "name": "Micro Module",
                "commands": [
                    {
                        "name": "Etat",
                        "type": "info",
                        "subtype": "numeric",
                        "display": {
		                    "generic_type": "FLAP_STATE",
							"forceReturnLineBefore": "1",
							"forceReturnLineAfter": "1"
		                },
                        "template": {
		                    "dashboard": "store",
							"mobile": "store"
		                },
                        "isVisible": 1,
                        "isHistorized": 0,
                        "unite": "%",
                        "eventOnly": 1,
						"order": 0
                    },
                    {
                        "name": "Monter",
                        "type": "action",
                        "subtype": "other",
                        "display": {
		                    "generic_type": "FLAP_UP",
							"forceReturnLineBefore": "1",
							"forceReturnLineAfter": "0"
		                },
                        "template": {
		                    "dashboard": "default",
							"mobile": "default"
		                },
                        "isVisible": 1,
                        "logicalId": "#ID#::ON::100::0",
						"value": "Etat",
                        "configuration" : {
                            "updateCmdId": "Etat",
                            "updateCmdToValue": "100"
                        },
						"order": 1
                    },
                    {
                        "name": "Stop",
                        "type": "action",
                        "subtype": "other",
                        "display": {
		                    "generic_type": "FLAP_STOP",
							"forceReturnLineBefore": "0",
							"forceReturnLineAfter": "0"
		                },
                        "template": {
		                    "dashboard": "default",
							"mobile": "default"
		                },
                        "isVisible": 1,
						"value": "Etat",
                        "logicalId": "#ID#::FADE_STOP::0::0",
                        "configuration" : {
                            "updateCmdId": "Etat"
                        },
						"order": 2
                    },
                    {
                        "name": "Descendre",
                        "type": "action",
                        "subtype": "other",
                        "display": {
		                    "generic_type": "FLAP_DOWN",
							"forceReturnLineBefore": "0",
							"forceReturnLineAfter": "1"
		                },
                        "template": {
		                    "dashboard": "default",
							"mobile": "default"
		                },
                        "isVisible": 1,
                        "logicalId": "#ID#::OFF::0::0",
						"value": "Etat",
                        "configuration" : {
                            "updateCmdId": "Etat",
                            "updateCmdToValue": "0"
                        },
						"order": 3
                    },
                    {
                        "name": "MaJ Statut",
                        "type": "action",
                        "subtype": "other",
                        "display": {
		                    "generic_type": "GENERIC_ACTION",
							"forceReturnLineBefore": "1",
							"forceReturnLineAfter": "1"
		                },
                        "isVisible": 1,
                        "logicalId": "#ID#::STATUS_REQUEST::0::0",
						"order": 4
                    },
                    {
                        "name": "GET SIGNAL STRENGTH",
                        "type": "action",
                        "subtype": "other",
                        "display": {
		                    "generic_type": "GENERIC_ACTION",
							"forceReturnLineBefore": "1",
							"forceReturnLineAfter": "0"
		                },
                        "template": {
		                    "dashboard": "default",
							"mobile": "default"
		                },
                        "isVisible": 0,
                        "logicalId": "#ID#::GET_SIGNAL_STRENGTH::0::0",
						"value": "SIGNAL STRENGTH",
                        "configuration" : {
                            "updateCmdId": "SIGNAL STRENGTH"
                        },
						"order": 5
                    },
                    {
                        "name": "SIGNAL STRENGTH",
                        "type": "info",
                        "subtype": "numeric",
                        "display": {
		                    "generic_type": "GENERIC_INFO",
							"forceReturnLineBefore": "0",
							"forceReturnLineAfter": "1"
		                },
                        "template": {
		                    "dashboard": "tile",
							"mobile": "tile"
		                },
                        "isVisible": 0,
                        "isHistorized": 0,
                        "unite": "",
                        "eventOnly": 1,
						"order": 6
                    },
                    {
                        "name": "GET NOISE STRENGTH",
                        "type": "action",
                        "subtype": "other",
                        "display": {
		                    "generic_type": "GENERIC_ACTION",
							"forceReturnLineBefore": "1",
							"forceReturnLineAfter": "0"
		                },
                        "template": {
		                    "dashboard": "default",
							"mobile": "default"
		                },
                        "isVisible": 0,
                        "logicalId": "#ID#::GET_NOISE_STRENGTH::0::0",
						"value": "NOISE STRENGTH",
                        "configuration" : {
                            "updateCmdId": "NOISE STRENGTH"
                        },
						"order": 7
                    },
                    {
                        "name": "NOISE STRENGTH",
                        "type": "info",
                        "subtype": "numeric",
                        "display": {
		                    "generic_type": "GENERIC_INFO",
							"forceReturnLineBefore": "0",
							"forceReturnLineAfter": "1"
		                },
                        "template": {
		                    "dashboard": "tile",
							"mobile": "tile"
		                },
                        "isVisible": 0,
                        "isHistorized": 0,
                        "unite": "",
                        "eventOnly": 1,
						"order": 8
                    }
                ]
            }
        }
    }
}