{
	"id" : "JeePlcBus",
	"name" : "JeePlcBus",
	"description" : "Plugin permettant la gestion du protocol PlcBus",
	"licence" : "AGPL",
	"author" : "Christophe CHAMANT",
	"require" : "3.0",
	"category" : "automation protocol",
	"hasOwnDeamon" : true,
	"hasDependency" : true,
	"maxDependancyInstallTime" : 120,
	"changelog" : "https://github.com/totoff974/JeePlcBus/blob/stable/doc/#language#/changelog.asciidoc",
	"documentation" : "https://github.com/totoff974/JeePlcBus/blob/stable/doc/#language#/index.asciidoc"
}
