<?xml version="1.0" encoding="UTF-8"?>
<info>
    <id>JeePlcBus</id>
    <name>JeePlcBus</name>
    <description>Plugin pour la gestion du protocole PlcBus</description>
    <icon>fa fa-plug</icon>
    <licence>AGPL</licence>
    <author>Christophe CHAMANT</author>
    <installation>Installation automatique des dépendances pour Perl libdevice-serialport-perl et IOSelectBuffered.pm</installation>
    <require>2.3</require>
	<version>2.0</version>
    <category>automation protocol</category>
	<hasDependency>1</hasDependency>
</info>